statistic,peaktime,kurtosis,medianF,peakF,bw_min,bw_max,band_ratio
mean,37.9235828222,6.64597998035,5.25540009197,1.76248419228,0.936871069182,2.83474842767,-2.60780365071
std,9.49843132046,3.06821282323,1.81701528996,0.550218429473,0.433795659879,0.617129280055,0.77102806211
25%,29.505,5.795,4.0,1.65,0.8,2.7,-3.25713047479
50%,34.725,6.335,4.3,1.7,0.95,2.8,-2.98657563085
75%,40.14,6.895,5.99365438812,2.0,1.2,2.95,-1.80616275417
