statistic,peaktime,kurtosis,medianF,peakF,bw_min,bw_max,band_ratio
mean,15.5563620182,3.63768079333,5.77101904554,1.32062020548,0.276425452503,2.66191727212,-1.9292133957
std,3.91909493558,2.62301988656,1.05906846457,0.623559679819,0.349044625657,0.60023717458,0.504758894089
25%,13.5589839074,1.48782902514,5.0528141034,0.8811328125,0.0,2.4,-2.28488469989
50%,14.9288469211,3.04249517074,5.77183710306,1.4685546875,0.1,2.65,-1.8930950664
75%,16.0659662189,5.54789156576,6.51540805057,1.762265625,0.5,2.95,-1.567140695
