statistic,peaktime,kurtosis,medianF,peakF,bw_min,bw_max,band_ratio
mean,15.186715878,14.7047080191,9.28707197226,1.74714084054,0.471788521018,4.61218856345,-0.423809320497
std,12.6022764107,13.4216135415,1.4585287656,1.69317803118,0.841220887951,3.23016110851,0.438707616557
25%,12.7277563506,2.55934126283,8.35092766107,0.44056640625,0.0,1.9,-0.62502488442
50%,13.3927383961,13.0522014102,9.54147475505,1.02798828125,0.0,3.3,-0.320929513221
75%,14.137518287,24.0036150605,10.3603910188,2.79025390625,0.6,7.2,-0.126488136475
